{"name":"build-javascript","namedChunkGroups":{"polyfill":{"name":"polyfill","assets":[{"name":"webpack-runtime-8d9343894c3586eec0d9.js","size":5194},{"name":"polyfill-ba4c1f22887e4dd7e822.js","size":85033}],"filteredAssets":0,"assetsSize":90227,"filteredAuxiliaryAssets":2,"auxiliaryAssetsSize":231225},"app":{"name":"app","assets":[{"name":"webpack-runtime-8d9343894c3586eec0d9.js","size":5194},{"name":"framework-15853adda8d91207a0c7.js","size":140560},{"name":"app-471b8b9cd7ad0d5fef2c.js","size":87814}],"filteredAssets":0,"assetsSize":233568,"filteredAuxiliaryAssets":3,"auxiliaryAssetsSize":744595},"component---src-pages-404-js":{"name":"component---src-pages-404-js","assets":[{"name":"component---src-pages-404-js-91c50a235082eee96123.js","size":802}],"filteredAssets":0,"assetsSize":802,"filteredAuxiliaryAssets":1,"auxiliaryAssetsSize":1847},"component---src-pages-index-js":{"name":"component---src-pages-index-js","assets":[{"name":"styles.fcbcfb507849db3533bb.css","size":2244},{"name":"component---src-pages-index-js-576a595bab1767477e53.js","size":6092}],"filteredAssets":0,"assetsSize":8336,"filteredAuxiliaryAssets":1,"auxiliaryAssetsSize":17962},"component---src-templates-listings-by-country-listings-by-country-template-js":{"name":"component---src-templates-listings-by-country-listings-by-country-template-js","assets":[{"name":"styles.fcbcfb507849db3533bb.css","size":2244},{"name":"c64e8772736cb0eb3d77b324eec98b75f5ae47ff-30feb4d9e30b03f5ba38.js","size":41094},{"name":"component---src-templates-listings-by-country-listings-by-country-template-js-33bea076f2869acee066.js","size":1488}],"filteredAssets":0,"assetsSize":44826,"filteredAuxiliaryAssets":2,"auxiliaryAssetsSize":360098},"component---src-templates-listings-by-listing-type-listings-by-listing-type-template-js":{"name":"component---src-templates-listings-by-listing-type-listings-by-listing-type-template-js","assets":[{"name":"styles.fcbcfb507849db3533bb.css","size":2244},{"name":"c64e8772736cb0eb3d77b324eec98b75f5ae47ff-30feb4d9e30b03f5ba38.js","size":41094},{"name":"component---src-templates-listings-by-listing-type-listings-by-listing-type-template-js-3ca0561e6d3c890519b1.js","size":1464}],"filteredAssets":0,"assetsSize":44802,"filteredAuxiliaryAssets":2,"auxiliaryAssetsSize":359633}},"assetsByChunkName":{"polyfill":["webpack-runtime-8d9343894c3586eec0d9.js","polyfill-ba4c1f22887e4dd7e822.js"],"app":["webpack-runtime-8d9343894c3586eec0d9.js","framework-15853adda8d91207a0c7.js","app-471b8b9cd7ad0d5fef2c.js"],"component---src-pages-404-js":["component---src-pages-404-js-91c50a235082eee96123.js"],"component---src-pages-index-js":["styles.fcbcfb507849db3533bb.css","component---src-pages-index-js-576a595bab1767477e53.js"],"component---src-templates-listings-by-country-listings-by-country-template-js":["styles.fcbcfb507849db3533bb.css","c64e8772736cb0eb3d77b324eec98b75f5ae47ff-30feb4d9e30b03f5ba38.js","component---src-templates-listings-by-country-listings-by-country-template-js-33bea076f2869acee066.js"],"component---src-templates-listings-by-listing-type-listings-by-listing-type-template-js":["styles.fcbcfb507849db3533bb.css","c64e8772736cb0eb3d77b324eec98b75f5ae47ff-30feb4d9e30b03f5ba38.js","component---src-templates-listings-by-listing-type-listings-by-listing-type-template-js-3ca0561e6d3c890519b1.js"]},"childAssetsByChunkName":{}}